NOMBRE,TELEFONO,EMAIL,IDEMPRESA
Alejandro Lakes,149-137-8966,alakes0@uiuc.edu,1
Cahra Gauche,199-226-5457,cgauche1@hud.gov,1
Nessy Telford,184-269-7843,ntelford2@shareasale.com,1
Von Errett,870-363-9656,verrett3@shinystat.com,1
Kahlil Wenban,750-713-4168,kwenban4@skyrock.com,1
Tandie Windibank,974-604-9127,twindibank5@usda.gov,1
Saunders Lieb,328-992-2414,slieb6@bloglovin.com,1
Christoffer Chilver,237-260-9032,cchilver7@redcross.org,1
Jacques Smaleman,669-634-3112,jsmaleman8@phpbb.com,1
Meta Skentelbury,219-537-7877,mskentelbury9@youtu.be,1
Caroljean Kearsley,511-663-6249,ckearsleya@army.mil,1
Leo Kinchley,679-494-7447,lkinchleyb@ibm.com,1
Lishe Moehle,361-230-3778,lmoehlec@sfgate.com,1
Joshuah Lympany,737-670-9610,jlympanyd@uol.com.br,1
Justus Vokins,980-990-8884,jvokinse@xinhuanet.com,1
