IDPRODUCTO,NOMBRE,IDTIPOPRODUCTO,ICONO
1,"Potatoes - Purple, Organic",6,/img/iconos/iconoproducto.png
2,"Napkin - Cocktail,beige 2 - Ply",6,/img/iconos/iconoproducto.png
3,"Chicken - Thigh, Bone In",3,/img/iconos/iconoproducto.png
4,Pepper - Red Thai,6,/img/iconos/iconoproducto.png
5,Coffee Caramel Biscotti,1,/img/iconos/iconoproducto.png
6,Energy Drink Red Bull,5,/img/iconos/iconoproducto.png
7,Dawn Professionl Pot And Pan,8,/img/iconos/iconoproducto.png
8,"Lamb - Whole, Fresh",2,/img/iconos/iconoproducto.png
9,"Wine - White, Pinot Grigio",1,/img/iconos/iconoproducto.png
10,Wine - Manischewitz Concord,6,/img/iconos/iconoproducto.png
11,Beer - Rickards Red,7,/img/iconos/iconoproducto.png
12,Sour Puss - Tangerine,7,/img/iconos/iconoproducto.png
13,Longos - Cheese Tortellini,7,/img/iconos/iconoproducto.png
14,Coffee - Flavoured,3,/img/iconos/iconoproducto.png
15,Onion Powder,1,/img/iconos/iconoproducto.png
16,Chivas Regal - 12 Year Old,5,/img/iconos/iconoproducto.png
17,Appetizer - Crab And Brie,6,/img/iconos/iconoproducto.png
18,Wine - Delicato Merlot,1,/img/iconos/iconoproducto.png
19,Snapple Raspberry Tea,6,/img/iconos/iconoproducto.png
20,Bagel - Everything,5,/img/iconos/iconoproducto.png
21,Mix Pina Colada,5,/img/iconos/iconoproducto.png
22,"Pork - Loin, Boneless",5,/img/iconos/iconoproducto.png
23,Lettuce - Boston Bib - Organic,6,/img/iconos/iconoproducto.png
24,Bread - Wheat Baguette,5,/img/iconos/iconoproducto.png
25,Sugar - Fine,8,/img/iconos/iconoproducto.png
26,Blueberries - Frozen,2,/img/iconos/iconoproducto.png
27,Carbonated Water - Peach,1,/img/iconos/iconoproducto.png
28,"Noodles - Cellophane, Thin",8,/img/iconos/iconoproducto.png
29,"Beef - Rib Roast, Cap On",7,/img/iconos/iconoproducto.png
30,Eggs - Extra Large,5,/img/iconos/iconoproducto.png
31,Melon - Honey Dew,5,/img/iconos/iconoproducto.png
32,"Sole - Dover, Whole, Fresh",1,/img/iconos/iconoproducto.png
33,Wine - Jaboulet Cotes Du Rhone,7,/img/iconos/iconoproducto.png
34,Steampan - Half Size Shallow,7,/img/iconos/iconoproducto.png
35,Curry Paste - Madras,7,/img/iconos/iconoproducto.png
36,French Kiss Vanilla,2,/img/iconos/iconoproducto.png
37,"Rosemary - Primerba, Paste",6,/img/iconos/iconoproducto.png
38,"Wine - Red, Black Opal Shiraz",2,/img/iconos/iconoproducto.png
39,Tuna - Salad Premix,3,/img/iconos/iconoproducto.png
40,Lid Tray - 16in Dome,8,/img/iconos/iconoproducto.png
41,Lambcasing,7,/img/iconos/iconoproducto.png
42,Jolt Cola - Electric Blue,4,/img/iconos/iconoproducto.png
43,Wine - Pinot Noir Latour,7,/img/iconos/iconoproducto.png
44,Sauce - Oyster,6,/img/iconos/iconoproducto.png
45,Chips - Potato Jalapeno,6,/img/iconos/iconoproducto.png
46,Sproutsmustard Cress,1,/img/iconos/iconoproducto.png
47,Milk - Buttermilk,7,/img/iconos/iconoproducto.png
48,Broom - Corn,7,/img/iconos/iconoproducto.png
49,Cheese - Gouda,8,/img/iconos/iconoproducto.png
50,Pasta - Canelloni,8,/img/iconos/iconoproducto.png
51,Wine - Merlot Vina Carmen,5,/img/iconos/iconoproducto.png
52,Corn Syrup,7,/img/iconos/iconoproducto.png
53,Snapple - Iced Tea Peach,7,/img/iconos/iconoproducto.png
54,"Chilli Paste, Ginger Garlic",1,/img/iconos/iconoproducto.png
55,"Pepper - White, Whole",8,/img/iconos/iconoproducto.png
56,Fenngreek Seed,3,/img/iconos/iconoproducto.png
57,Melon - Honey Dew,5,/img/iconos/iconoproducto.png
58,Cotton Wet Mop 16 Oz,3,/img/iconos/iconoproducto.png
59,Compound - Pear,5,/img/iconos/iconoproducto.png
60,Straw - Regular,6,/img/iconos/iconoproducto.png
61,"Trout - Rainbow, Frozen",1,/img/iconos/iconoproducto.png
62,"Pork - Ham, Virginia",2,/img/iconos/iconoproducto.png
63,Wine - Gato Negro Cabernet,8,/img/iconos/iconoproducto.png
64,Croissants Thaw And Serve,4,/img/iconos/iconoproducto.png
65,Longos - Chicken Cordon Bleu,7,/img/iconos/iconoproducto.png
66,"Crab - Claws, Snow 16 - 24",6,/img/iconos/iconoproducto.png
67,"Wine - White, Antinore Orvieto",8,/img/iconos/iconoproducto.png
68,Plate Pie Foil,6,/img/iconos/iconoproducto.png
69,Ice Cream Bar - Drumstick,8,/img/iconos/iconoproducto.png
70,"Pork - Bacon, Sliced",4,/img/iconos/iconoproducto.png
71,"Juice - Grape, White",4,/img/iconos/iconoproducto.png
72,Wine - Chablis 2003 Champs,1,/img/iconos/iconoproducto.png
73,Tomatoes,5,/img/iconos/iconoproducto.png
74,Arrowroot,4,/img/iconos/iconoproducto.png
75,Bar Mix - Lime,5,/img/iconos/iconoproducto.png
76,Bar - Sweet And Salty Chocolate,2,/img/iconos/iconoproducto.png
77,Muffin Hinge Container 6,4,/img/iconos/iconoproducto.png
78,Muffin Mix - Blueberry,3,/img/iconos/iconoproducto.png
79,Snapple Lemon Tea,5,/img/iconos/iconoproducto.png
80,Kumquat,1,/img/iconos/iconoproducto.png
81,"Rum - Light, Captain Morgan",3,/img/iconos/iconoproducto.png
82,Glaze - Apricot,2,/img/iconos/iconoproducto.png
83,Cheese - Bocconcini,7,/img/iconos/iconoproducto.png
84,Pie Filling - Cherry,8,/img/iconos/iconoproducto.png
85,Evaporated Milk - Skim,2,/img/iconos/iconoproducto.png
86,Cake - French Pear Tart,7,/img/iconos/iconoproducto.png
87,Mushroom Morel Fresh,1,/img/iconos/iconoproducto.png
88,Table Cloth 90x90 White,8,/img/iconos/iconoproducto.png
89,Beef - Bresaola,6,/img/iconos/iconoproducto.png
90,"Wine - Red, Cabernet Sauvignon",7,/img/iconos/iconoproducto.png
91,"Turkey - Breast, Double",5,/img/iconos/iconoproducto.png
92,Foil - 4oz Custard Cup,2,/img/iconos/iconoproducto.png
93,Squid - Breaded,1,/img/iconos/iconoproducto.png
94,"Quail - Whole, Bone - In",4,/img/iconos/iconoproducto.png
95,"Salmon - Atlantic, No Skin",8,/img/iconos/iconoproducto.png
96,Sprouts - Corn,2,/img/iconos/iconoproducto.png
97,Wine - Prosecco Valdobienne,4,/img/iconos/iconoproducto.png
98,Container Clear 8 Oz,1,/img/iconos/iconoproducto.png
99,"Coke - Classic, 355 Ml",2,/img/iconos/iconoproducto.png
100,"Stock - Beef, Brown",5,/img/iconos/iconoproducto.png
101,Alize Red Passion,8,/img/iconos/iconoproducto.png
102,"Vermacelli - Sprinkles, Assorted",7,/img/iconos/iconoproducto.png
103,Corn Syrup,6,/img/iconos/iconoproducto.png
104,Sobe - Lizard Fuel,7,/img/iconos/iconoproducto.png
105,Oil - Pumpkinseed,3,/img/iconos/iconoproducto.png
106,"Bread - Rolls, Rye",2,/img/iconos/iconoproducto.png
107,Pear - Halves,4,/img/iconos/iconoproducto.png
108,Lotus Rootlets - Canned,8,/img/iconos/iconoproducto.png
109,Nut - Macadamia,7,/img/iconos/iconoproducto.png
110,Pastry - Baked Cinnamon Stick,7,/img/iconos/iconoproducto.png
111,Soup - Campbells Bean Medley,7,/img/iconos/iconoproducto.png
112,Bread - Malt,1,/img/iconos/iconoproducto.png
113,Lettuce - Green Leaf,6,/img/iconos/iconoproducto.png
114,Glaze - Clear,6,/img/iconos/iconoproducto.png
115,Nori Sea Weed,8,/img/iconos/iconoproducto.png
116,Wine - Remy Pannier Rose,3,/img/iconos/iconoproducto.png
117,Oyster - In Shell,1,/img/iconos/iconoproducto.png
118,Flavouring - Orange,2,/img/iconos/iconoproducto.png
119,Tomato Paste,6,/img/iconos/iconoproducto.png
120,Longos - Burritos,4,/img/iconos/iconoproducto.png
121,Shiratamako - Rice Flour,7,/img/iconos/iconoproducto.png
122,Mikes Hard Lemonade,3,/img/iconos/iconoproducto.png
123,Gooseberry,3,/img/iconos/iconoproducto.png
124,"Bread - Roll, Whole Wheat",6,/img/iconos/iconoproducto.png
125,Lid - 16 Oz And 32 Oz,2,/img/iconos/iconoproducto.png
126,Beef - Cow Feet Split,1,/img/iconos/iconoproducto.png
127,"Wine - Red, Colio Cabernet",5,/img/iconos/iconoproducto.png
128,Cheese - Shred Cheddar / Mozza,6,/img/iconos/iconoproducto.png
129,Lettuce - Sea / Sea Asparagus,6,/img/iconos/iconoproducto.png
130,Lettuce - Red Leaf,1,/img/iconos/iconoproducto.png
131,Jello - Assorted,4,/img/iconos/iconoproducto.png
132,Raspberries - Frozen,3,/img/iconos/iconoproducto.png
133,Wine - Mondavi Coastal Private,3,/img/iconos/iconoproducto.png
134,Squid U5 - Thailand,3,/img/iconos/iconoproducto.png
135,Yoplait - Strawbrasp Peac,1,/img/iconos/iconoproducto.png
136,"Beef - Ox Tail, Frozen",2,/img/iconos/iconoproducto.png
137,Table Cloth 62x120 Colour,1,/img/iconos/iconoproducto.png
138,Chocolate - Sugar Free Semi Choc,1,/img/iconos/iconoproducto.png
139,Ice Cream - Turtles Stick Bar,2,/img/iconos/iconoproducto.png
140,Lettuce - Green Leaf,8,/img/iconos/iconoproducto.png
141,Port - 74 Brights,4,/img/iconos/iconoproducto.png
142,Noodles - Steamed Chow Mein,3,/img/iconos/iconoproducto.png
143,Beer - Pilsner Urquell,4,/img/iconos/iconoproducto.png
144,Long Island Ice Tea,5,/img/iconos/iconoproducto.png
145,"Soup - Campbells, Chix Gumbo",2,/img/iconos/iconoproducto.png
146,Compound - Rum,7,/img/iconos/iconoproducto.png
147,Appetizer - Sausage Rolls,4,/img/iconos/iconoproducto.png
148,Taro Leaves,1,/img/iconos/iconoproducto.png
149,Bandage - Flexible Neon,4,/img/iconos/iconoproducto.png
150,Noodles - Steamed Chow Mein,6,/img/iconos/iconoproducto.png
151,Lid - 3oz Med Rec,3,/img/iconos/iconoproducto.png
152,Chutney Sauce - Mango,3,/img/iconos/iconoproducto.png
153,"Leeks - Baby, White",6,/img/iconos/iconoproducto.png
154,"Soup - Campbells, Beef Barley",3,/img/iconos/iconoproducto.png
155,Beer - True North Lager,4,/img/iconos/iconoproducto.png
156,Chivas Regal - 12 Year Old,4,/img/iconos/iconoproducto.png
157,Venison - Denver Leg Boneless,8,/img/iconos/iconoproducto.png
158,Relish,4,/img/iconos/iconoproducto.png
159,Yogurt - Plain,3,/img/iconos/iconoproducto.png
160,Flower - Potmums,6,/img/iconos/iconoproducto.png
161,Dome Lid Clear P92008h,6,/img/iconos/iconoproducto.png
162,Puree - Blackcurrant,3,/img/iconos/iconoproducto.png
163,Knife Plastic - White,5,/img/iconos/iconoproducto.png
164,Mix - Cocktail Ice Cream,3,/img/iconos/iconoproducto.png
165,Crackers - Soda / Saltins,8,/img/iconos/iconoproducto.png
166,Prunes - Pitted,2,/img/iconos/iconoproducto.png
167,"Napkin - Cocktail,beige 2 - Ply",7,/img/iconos/iconoproducto.png
168,"Crab - Back Fin Meat, Canned",1,/img/iconos/iconoproducto.png
169,Tuna - Sushi Grade,1,/img/iconos/iconoproducto.png
170,Avocado,6,/img/iconos/iconoproducto.png
171,"Nut - Walnut, Chopped",2,/img/iconos/iconoproducto.png
172,"Capon - Breast, Wing On",6,/img/iconos/iconoproducto.png
173,Sauce - Mint,1,/img/iconos/iconoproducto.png
174,"Wine - Red, Harrow Estates, Cab",6,/img/iconos/iconoproducto.png
175,Island Oasis - Mango Daiquiri,4,/img/iconos/iconoproducto.png
176,Pork - Bacon Cooked Slcd,7,/img/iconos/iconoproducto.png
177,Cheese - Marble,6,/img/iconos/iconoproducto.png
178,Sugar - Invert,2,/img/iconos/iconoproducto.png
179,Lettuce - Escarole,1,/img/iconos/iconoproducto.png
180,"Club Soda - Schweppes, 355 Ml",2,/img/iconos/iconoproducto.png
181,Oil - Grapeseed Oil,5,/img/iconos/iconoproducto.png
182,"Lemonade - Island Tea, 591 Ml",4,/img/iconos/iconoproducto.png
183,"Asparagus - White, Canned",6,/img/iconos/iconoproducto.png
184,Glucose,4,/img/iconos/iconoproducto.png
185,"Pork - Back, Short Cut, Boneless",8,/img/iconos/iconoproducto.png
186,Pastry - Key Limepoppy Seed Tea,6,/img/iconos/iconoproducto.png
187,Broccoli - Fresh,1,/img/iconos/iconoproducto.png
188,Cheese - Marble,8,/img/iconos/iconoproducto.png
189,"Soup - Knorr, Classic Can. Chili",6,/img/iconos/iconoproducto.png
190,Water - Perrier,2,/img/iconos/iconoproducto.png
191,Compound - Orange,1,/img/iconos/iconoproducto.png
192,Ice Cream - Life Savers,2,/img/iconos/iconoproducto.png
193,Cheese - Swiss,2,/img/iconos/iconoproducto.png
194,Flower - Commercial Spider,4,/img/iconos/iconoproducto.png
195,Shrimp - 31/40,6,/img/iconos/iconoproducto.png
196,Trout - Smoked,6,/img/iconos/iconoproducto.png
197,Capers - Ox Eye Daisy,3,/img/iconos/iconoproducto.png
198,Gelatine Leaves - Bulk,6,/img/iconos/iconoproducto.png
199,Wine - Shiraz South Eastern,2,/img/iconos/iconoproducto.png
200,Cheese - Bocconcini,4,/img/iconos/iconoproducto.png
201,"Crab - Dungeness, Whole, live",8,/img/iconos/iconoproducto.png
202,Rabbit - Whole,8,/img/iconos/iconoproducto.png
203,"Leeks - Baby, White",8,/img/iconos/iconoproducto.png
204,"Juice - V8, Tomato",5,/img/iconos/iconoproducto.png
205,Container - Hngd Cll Blk 7x7x3,6,/img/iconos/iconoproducto.png
206,Beets - Golden,6,/img/iconos/iconoproducto.png
207,Spinach - Packaged,2,/img/iconos/iconoproducto.png
208,Curry Paste - Green Masala,7,/img/iconos/iconoproducto.png
209,Cake - Pancake,5,/img/iconos/iconoproducto.png
210,Pimento - Canned,3,/img/iconos/iconoproducto.png
211,Cheese - Victor Et Berthold,1,/img/iconos/iconoproducto.png
212,Tea - Decaf 1 Cup,6,/img/iconos/iconoproducto.png
213,Beer - Mcauslan Apricot,2,/img/iconos/iconoproducto.png
214,Flower - Carnations,2,/img/iconos/iconoproducto.png
215,Eggplant - Regular,1,/img/iconos/iconoproducto.png
216,Red Currant Jelly,2,/img/iconos/iconoproducto.png
217,"Doilies - 12, Paper",1,/img/iconos/iconoproducto.png
218,Tea - Vanilla Chai,4,/img/iconos/iconoproducto.png
219,"Pasta - Penne Primavera, Single",5,/img/iconos/iconoproducto.png
220,Cake - Mini Cheesecake,6,/img/iconos/iconoproducto.png
221,Mix - Cappucino Cocktail,2,/img/iconos/iconoproducto.png
222,Cheese - Pied De Vents,1,/img/iconos/iconoproducto.png
223,Wine - Prosecco Valdobiaddene,1,/img/iconos/iconoproducto.png
224,Extract - Raspberry,2,/img/iconos/iconoproducto.png
225,Eel - Smoked,4,/img/iconos/iconoproducto.png
226,Pork - Back Ribs,2,/img/iconos/iconoproducto.png
227,Coffee - Dark Roast,6,/img/iconos/iconoproducto.png
228,"Bread - Pumpernickle, Rounds",3,/img/iconos/iconoproducto.png
229,Lamb Rack - Ontario,7,/img/iconos/iconoproducto.png
230,Energy Drink Red Bull,5,/img/iconos/iconoproducto.png
231,Oil - Sesame,4,/img/iconos/iconoproducto.png
232,Chives - Fresh,1,/img/iconos/iconoproducto.png
233,Cabbage - Savoy,2,/img/iconos/iconoproducto.png
234,Cod - Fillets,3,/img/iconos/iconoproducto.png
235,Chocolate - Liqueur Cups With Foil,7,/img/iconos/iconoproducto.png
236,Cabbage Roll,2,/img/iconos/iconoproducto.png
237,Chocolate - Milk Coating,3,/img/iconos/iconoproducto.png
238,"Cake Circle, Foil, Scallop",3,/img/iconos/iconoproducto.png
239,Pear - Prickly,2,/img/iconos/iconoproducto.png
240,Milk - 2%,4,/img/iconos/iconoproducto.png
241,Beef - Eye Of Round,3,/img/iconos/iconoproducto.png
242,Pear - Prickly,6,/img/iconos/iconoproducto.png
243,Lime Cordial - Roses,6,/img/iconos/iconoproducto.png
244,Butter Balls Salted,6,/img/iconos/iconoproducto.png
245,"Beef - Baby, Liver",2,/img/iconos/iconoproducto.png
246,Juice - Ocean Spray Cranberry,2,/img/iconos/iconoproducto.png
247,Dried Cherries,5,/img/iconos/iconoproducto.png
248,Tea - Lemon Green Tea,3,/img/iconos/iconoproducto.png
249,Venison - Racks Frenched,8,/img/iconos/iconoproducto.png
250,Ice Cream - Turtles Stick Bar,8,/img/iconos/iconoproducto.png
251,Garam Marsala,1,/img/iconos/iconoproducto.png
252,Beef - Top Butt Aaa,6,/img/iconos/iconoproducto.png
253,"Wine - Red, Cooking",4,/img/iconos/iconoproducto.png
254,Wasabi Powder,1,/img/iconos/iconoproducto.png
255,Cookies - Englishbay Oatmeal,8,/img/iconos/iconoproducto.png
256,Filter - Coffee,8,/img/iconos/iconoproducto.png
257,Langers - Cranberry Cocktail,7,/img/iconos/iconoproducto.png
258,Tomatoes - Hot House,5,/img/iconos/iconoproducto.png
259,Icecream - Dibs,8,/img/iconos/iconoproducto.png
260,Chicken - Whole Fryers,8,/img/iconos/iconoproducto.png
261,"Crab - Dungeness, Whole",2,/img/iconos/iconoproducto.png
262,"Quail - Whole, Bone - In",4,/img/iconos/iconoproducto.png
263,Celery,7,/img/iconos/iconoproducto.png
264,"Juice - Clam, 46 Oz",3,/img/iconos/iconoproducto.png
265,Sauce - Fish 25 Ozf Bottle,8,/img/iconos/iconoproducto.png
266,Ice Cream - Chocolate,1,/img/iconos/iconoproducto.png
267,Lamb Tenderloin Nz Fr,3,/img/iconos/iconoproducto.png
268,"Pail - 4l White, With Handle",6,/img/iconos/iconoproducto.png
269,Muffin Orange Individual,6,/img/iconos/iconoproducto.png
270,"Olives - Green, Pitted",7,/img/iconos/iconoproducto.png
271,"Wine - White, Ej",3,/img/iconos/iconoproducto.png
272,Squash - Pepper,1,/img/iconos/iconoproducto.png
273,Pop Shoppe Cream Soda,8,/img/iconos/iconoproducto.png
274,Chicken - Wieners,1,/img/iconos/iconoproducto.png
275,Ice Cream Bar - Drumstick,2,/img/iconos/iconoproducto.png
276,Juice - Apple Cider,4,/img/iconos/iconoproducto.png
277,"Halibut - Whole, Fresh",5,/img/iconos/iconoproducto.png
278,"Vermouth - White, Cinzano",5,/img/iconos/iconoproducto.png
279,Beef Ground Medium,1,/img/iconos/iconoproducto.png
280,Crackers - Trio,7,/img/iconos/iconoproducto.png
281,"Ecolab - Orange Frc, Cleaner",1,/img/iconos/iconoproducto.png
282,Cumin - Ground,3,/img/iconos/iconoproducto.png
283,Pepper - Red Bell,4,/img/iconos/iconoproducto.png
284,"Beef - Rib Roast, Capless",2,/img/iconos/iconoproducto.png
285,Bread - Assorted Rolls,5,/img/iconos/iconoproducto.png
286,Muffin - Mix - Creme Brule 15l,6,/img/iconos/iconoproducto.png
287,Island Oasis - Wildberry,7,/img/iconos/iconoproducto.png
288,Pork - Ground,2,/img/iconos/iconoproducto.png
289,Puff Pastry - Sheets,2,/img/iconos/iconoproducto.png
290,Muffin Puck Ww Carrot,2,/img/iconos/iconoproducto.png
291,Vinegar - Balsamic,2,/img/iconos/iconoproducto.png
292,Beef - Ground Medium,3,/img/iconos/iconoproducto.png
293,Lid Tray - 16in Dome,6,/img/iconos/iconoproducto.png
294,Mustard - Individual Pkg,5,/img/iconos/iconoproducto.png
295,"Turkey - Breast, Boneless Sk On",5,/img/iconos/iconoproducto.png
296,Creme De Menthe Green,2,/img/iconos/iconoproducto.png
297,Veal - Kidney,1,/img/iconos/iconoproducto.png
298,"Juice - Grapefruit, 341 Ml",6,/img/iconos/iconoproducto.png
299,"Orange - Canned, Mandarin",2,/img/iconos/iconoproducto.png
300,Lamb - Ground,4,/img/iconos/iconoproducto.png
301,Steamers White,4,/img/iconos/iconoproducto.png
302,Pastry - Trippleberry Muffin - Mini,7,/img/iconos/iconoproducto.png
303,Table Cloth 62x120 Colour,7,/img/iconos/iconoproducto.png
304,Coriander - Ground,5,/img/iconos/iconoproducto.png
305,"Plate - Foam, Bread And Butter",6,/img/iconos/iconoproducto.png
306,Red Cod Fillets - 225g,4,/img/iconos/iconoproducto.png
307,Glove - Cutting,2,/img/iconos/iconoproducto.png
308,Cabbage - Savoy,1,/img/iconos/iconoproducto.png
309,"Coconut - Creamed, Pure",7,/img/iconos/iconoproducto.png
310,Wine - Balbach Riverside,4,/img/iconos/iconoproducto.png
311,Mints - Striped Red,5,/img/iconos/iconoproducto.png
312,Beef - Eye Of Round,1,/img/iconos/iconoproducto.png
313,Juice - V8 Splash,8,/img/iconos/iconoproducto.png
314,"Oil - Olive, Extra Virgin",3,/img/iconos/iconoproducto.png
315,Longos - Lasagna Beef,7,/img/iconos/iconoproducto.png
316,Versatainer Nc - 8288,5,/img/iconos/iconoproducto.png
317,"Vinegar - Balsamic, White",1,/img/iconos/iconoproducto.png
318,Amaretto,7,/img/iconos/iconoproducto.png
319,Crawfish,8,/img/iconos/iconoproducto.png
320,Beef Tenderloin Aaa,1,/img/iconos/iconoproducto.png
321,Gelatine Powder,8,/img/iconos/iconoproducto.png
322,Quail Eggs - Canned,1,/img/iconos/iconoproducto.png
323,Ice Cream Bar - Hagen Daz,3,/img/iconos/iconoproducto.png
324,"Beef - Bones, Marrow",3,/img/iconos/iconoproducto.png
325,Chocolate - Chips Compound,7,/img/iconos/iconoproducto.png
326,Mince Meat - Filling,8,/img/iconos/iconoproducto.png
327,Plastic Arrow Stir Stick,3,/img/iconos/iconoproducto.png
328,"Cup - 3.5oz, Foam",6,/img/iconos/iconoproducto.png
329,Puree - Pear,3,/img/iconos/iconoproducto.png
330,Wine - Cave Springs Dry Riesling,4,/img/iconos/iconoproducto.png
331,"Nut - Hazelnut, Whole",4,/img/iconos/iconoproducto.png
332,Tomatillo,6,/img/iconos/iconoproducto.png
333,"Ranchero - Primerba, Paste",5,/img/iconos/iconoproducto.png
334,Steel Wool,6,/img/iconos/iconoproducto.png
335,"Fish - Halibut, Cold Smoked",8,/img/iconos/iconoproducto.png
336,Tequila - Sauza Silver,2,/img/iconos/iconoproducto.png
337,Wine - Red Oakridge Merlot,5,/img/iconos/iconoproducto.png
338,"Pork - Bacon, Double Smoked",7,/img/iconos/iconoproducto.png
339,Soup - Campbells Chili Veg,3,/img/iconos/iconoproducto.png
340,"Croissant, Raw - Mini",3,/img/iconos/iconoproducto.png
341,Chip - Potato Dill Pickle,2,/img/iconos/iconoproducto.png
342,Bandage - Finger Cots,6,/img/iconos/iconoproducto.png
343,Soy Protein,4,/img/iconos/iconoproducto.png
344,"Coconut - Shredded, Unsweet",5,/img/iconos/iconoproducto.png
345,Chips - Assorted,4,/img/iconos/iconoproducto.png
346,Icecream - Dstk Cml And Fdg,3,/img/iconos/iconoproducto.png
347,Potatoes - Idaho 100 Count,2,/img/iconos/iconoproducto.png
348,Bread Crumbs - Japanese Style,8,/img/iconos/iconoproducto.png
349,Yucca,2,/img/iconos/iconoproducto.png
350,Plums - Red,7,/img/iconos/iconoproducto.png
351,"Salmon - Atlantic, No Skin",2,/img/iconos/iconoproducto.png
352,Compound - Pear,7,/img/iconos/iconoproducto.png
353,Straw - Regular,5,/img/iconos/iconoproducto.png
354,Aromat Spice / Seasoning,7,/img/iconos/iconoproducto.png
355,Coconut Milk - Unsweetened,4,/img/iconos/iconoproducto.png
356,Lettuce - Boston Bib,7,/img/iconos/iconoproducto.png
357,Tomatoes Tear Drop Yellow,4,/img/iconos/iconoproducto.png
358,Duck - Breast,3,/img/iconos/iconoproducto.png
359,Chicken - Bones,4,/img/iconos/iconoproducto.png
360,Pepper - Chilli Seeds Mild,6,/img/iconos/iconoproducto.png
361,Wine - Ruffino Chianti,3,/img/iconos/iconoproducto.png
362,Berry Brulee,8,/img/iconos/iconoproducto.png
363,Smoked Paprika,1,/img/iconos/iconoproducto.png
364,Sponge Cake Mix - Chocolate,4,/img/iconos/iconoproducto.png
365,Lettuce - Arugula,3,/img/iconos/iconoproducto.png
366,Chick Peas - Canned,2,/img/iconos/iconoproducto.png
367,Onions - Cooking,7,/img/iconos/iconoproducto.png
368,Nescafe - Frothy French Vanilla,2,/img/iconos/iconoproducto.png
369,"Lemonade - Black Cherry, 591 Ml",4,/img/iconos/iconoproducto.png
370,Garam Marsala,2,/img/iconos/iconoproducto.png
371,Fondant - Icing,3,/img/iconos/iconoproducto.png
372,Milk - Condensed,5,/img/iconos/iconoproducto.png
373,Wine - Jaboulet Cotes Du Rhone,3,/img/iconos/iconoproducto.png
374,Bar Special K,8,/img/iconos/iconoproducto.png
375,Coffee - 10oz Cup 92961,7,/img/iconos/iconoproducto.png
376,Cookie - Oatmeal,4,/img/iconos/iconoproducto.png
377,Beer - Molson Excel,3,/img/iconos/iconoproducto.png
378,Kiwi Gold Zespri,4,/img/iconos/iconoproducto.png
379,Southern Comfort,4,/img/iconos/iconoproducto.png
380,Flour - Whole Wheat,7,/img/iconos/iconoproducto.png
381,Dried Peach,1,/img/iconos/iconoproducto.png
382,Longos - Lasagna Beef,6,/img/iconos/iconoproducto.png
383,Arizona - Plum Green Tea,2,/img/iconos/iconoproducto.png
384,Table Cloth 54x54 Colour,6,/img/iconos/iconoproducto.png
385,Appetizer - Escargot Puff,7,/img/iconos/iconoproducto.png
386,Longos - Lasagna Veg,7,/img/iconos/iconoproducto.png
387,Daves Island Stinger,4,/img/iconos/iconoproducto.png
388,Shiratamako - Rice Flour,2,/img/iconos/iconoproducto.png
389,Macaroons - Two Bite Choc,5,/img/iconos/iconoproducto.png
390,Pepper - Green,4,/img/iconos/iconoproducto.png
391,Truffle Cups Green,1,/img/iconos/iconoproducto.png
392,Jam - Apricot,7,/img/iconos/iconoproducto.png
393,"Cake Circle, Foil, Scallop",8,/img/iconos/iconoproducto.png
394,Peas - Frozen,4,/img/iconos/iconoproducto.png
395,"Stock - Chicken, White",1,/img/iconos/iconoproducto.png
396,Sauce - Sesame Thai Dressing,2,/img/iconos/iconoproducto.png
397,Oregano - Fresh,6,/img/iconos/iconoproducto.png
398,Beef - Tenderloin,7,/img/iconos/iconoproducto.png
399,"Nut - Walnut, Chopped",7,/img/iconos/iconoproducto.png
400,Vol Au Vents,7,/img/iconos/iconoproducto.png
401,Longos - Chicken Caeser Salad,2,/img/iconos/iconoproducto.png
402,Puff Pastry - Sheets,6,/img/iconos/iconoproducto.png
403,Soup - Campbells Bean Medley,6,/img/iconos/iconoproducto.png
404,Beer - Mill St Organic,6,/img/iconos/iconoproducto.png
405,Sambuca - Ramazzotti,3,/img/iconos/iconoproducto.png
406,Ice Cream - Super Sandwich,7,/img/iconos/iconoproducto.png
407,Cardamon Ground,5,/img/iconos/iconoproducto.png
408,Scallop - St. Jaques,3,/img/iconos/iconoproducto.png
409,Cake - Pancake,5,/img/iconos/iconoproducto.png
410,Cheese - Cream Cheese,4,/img/iconos/iconoproducto.png
411,Truffle Cups - Red,1,/img/iconos/iconoproducto.png
412,"Soda Water - Club Soda, 355 Ml",5,/img/iconos/iconoproducto.png
413,Hand Towel,7,/img/iconos/iconoproducto.png
414,Steampan - Foil,6,/img/iconos/iconoproducto.png
415,Barramundi,3,/img/iconos/iconoproducto.png
416,Beer - Rickards Red,7,/img/iconos/iconoproducto.png
417,Broom - Angled,6,/img/iconos/iconoproducto.png
418,Wine - Prem Select Charddonany,3,/img/iconos/iconoproducto.png
419,Daikon Radish,3,/img/iconos/iconoproducto.png
420,Cheese - St. Paulin,4,/img/iconos/iconoproducto.png
421,Stock - Fish,6,/img/iconos/iconoproducto.png
422,Lettuce - Lambs Mash,3,/img/iconos/iconoproducto.png
423,The Pop Shoppe Pinapple,4,/img/iconos/iconoproducto.png
424,Muffin Chocolate Individual Wrap,3,/img/iconos/iconoproducto.png
425,Thermometer Digital,3,/img/iconos/iconoproducto.png
426,V8 - Vegetable Cocktail,8,/img/iconos/iconoproducto.png
427,Muffin Batt - Ban Dream Zero,3,/img/iconos/iconoproducto.png
428,"Beans - Fava, Canned",1,/img/iconos/iconoproducto.png
429,Eggwhite Frozen,5,/img/iconos/iconoproducto.png
430,Juice - Lemon,6,/img/iconos/iconoproducto.png
431,Veal - Slab Bacon,8,/img/iconos/iconoproducto.png
432,Wine - Cabernet Sauvignon,8,/img/iconos/iconoproducto.png
433,"Wine - Bourgogne 2002, La",4,/img/iconos/iconoproducto.png
434,Cheese - Stilton,3,/img/iconos/iconoproducto.png
435,Flower - Dish Garden,8,/img/iconos/iconoproducto.png
436,Chinese Foods - Plain Fried Rice,8,/img/iconos/iconoproducto.png
437,Wine - Delicato Merlot,5,/img/iconos/iconoproducto.png
438,Ecolab - Power Fusion,4,/img/iconos/iconoproducto.png
439,Soupfoamcont12oz 112con,2,/img/iconos/iconoproducto.png
440,Fennel,7,/img/iconos/iconoproducto.png
441,Munchies Honey Sweet Trail Mix,3,/img/iconos/iconoproducto.png
442,"Beef - Tongue, Cooked",1,/img/iconos/iconoproducto.png
443,Muffin Batt - Ban Dream Zero,5,/img/iconos/iconoproducto.png
444,Daikon Radish,4,/img/iconos/iconoproducto.png
445,Beef - Prime Rib Aaa,7,/img/iconos/iconoproducto.png
446,Marjoram - Fresh,2,/img/iconos/iconoproducto.png
447,Kiwano,2,/img/iconos/iconoproducto.png
448,Chives - Fresh,7,/img/iconos/iconoproducto.png
449,Sproutsmustard Cress,3,/img/iconos/iconoproducto.png
450,Cookie Dough - Chocolate Chip,2,/img/iconos/iconoproducto.png
451,Passion Fruit,3,/img/iconos/iconoproducto.png
452,Wine - Beaujolais Villages,4,/img/iconos/iconoproducto.png
453,"Pork - Bacon, Sliced",7,/img/iconos/iconoproducto.png
454,"Beef - Outside, Round",2,/img/iconos/iconoproducto.png
455,"Doilies - 5, Paper",1,/img/iconos/iconoproducto.png
456,"Lamb - Leg, Diced",2,/img/iconos/iconoproducto.png
457,Tea - Green,2,/img/iconos/iconoproducto.png
458,"Wine - White, Mosel Gold",4,/img/iconos/iconoproducto.png
459,"Water - Mineral, Carbonated",8,/img/iconos/iconoproducto.png
460,"Tuna - Canned, Flaked, Light",2,/img/iconos/iconoproducto.png
461,Scotch - Queen Anne,3,/img/iconos/iconoproducto.png
462,"Cheese - Cheddar, Mild",2,/img/iconos/iconoproducto.png
463,Broccoli - Fresh,2,/img/iconos/iconoproducto.png
464,Croissants Thaw And Serve,6,/img/iconos/iconoproducto.png
465,Vinegar - Raspberry,1,/img/iconos/iconoproducto.png
466,Sansho Powder,1,/img/iconos/iconoproducto.png
467,Pie Shell - 9,3,/img/iconos/iconoproducto.png
468,Snails - Large Canned,7,/img/iconos/iconoproducto.png
469,Tahini Paste,8,/img/iconos/iconoproducto.png
470,Carbonated Water - Blackcherry,8,/img/iconos/iconoproducto.png
471,"Pork - Loin, Boneless",5,/img/iconos/iconoproducto.png
472,Soup - French Onion,4,/img/iconos/iconoproducto.png
473,Beets - Golden,6,/img/iconos/iconoproducto.png
474,Fondant - Icing,4,/img/iconos/iconoproducto.png
475,Cleaner - Comet,2,/img/iconos/iconoproducto.png
476,Dried Apple,1,/img/iconos/iconoproducto.png
477,"Wine - Saint - Bris 2002, Sauv",2,/img/iconos/iconoproducto.png
478,Fudge - Chocolate Fudge,7,/img/iconos/iconoproducto.png
479,Cake - Mini Cheesecake,2,/img/iconos/iconoproducto.png
480,"Stock - Veal, Brown",1,/img/iconos/iconoproducto.png
481,Peach - Halves,7,/img/iconos/iconoproducto.png
482,Soap - Mr.clean Floor Soap,2,/img/iconos/iconoproducto.png
483,"Nut - Walnut, Pieces",1,/img/iconos/iconoproducto.png
484,"Jam - Raspberry,jar",8,/img/iconos/iconoproducto.png
485,Lobak,7,/img/iconos/iconoproducto.png
486,Kale - Red,8,/img/iconos/iconoproducto.png
487,"Asparagus - White, Fresh",4,/img/iconos/iconoproducto.png
488,Spice - Pepper Portions,8,/img/iconos/iconoproducto.png
489,Cheese - Goat With Herbs,7,/img/iconos/iconoproducto.png
490,Plate Foam Laminated 9in Blk,4,/img/iconos/iconoproducto.png
491,Fruit Mix - Light,8,/img/iconos/iconoproducto.png
492,"Wine - Red, Cooking",1,/img/iconos/iconoproducto.png
493,"Crush - Orange, 355ml",2,/img/iconos/iconoproducto.png
494,Kaffir Lime Leaves,1,/img/iconos/iconoproducto.png
495,Veal Inside - Provimi,6,/img/iconos/iconoproducto.png
496,Seaweed Green Sheets,3,/img/iconos/iconoproducto.png
497,Beef - Tenderloin Tails,3,/img/iconos/iconoproducto.png
498,Island Oasis - Pina Colada,6,/img/iconos/iconoproducto.png
499,Salt And Pepper Mix - White,3,/img/iconos/iconoproducto.png
500,Bread - Olive,6,/img/iconos/iconoproducto.png
501,Nantucket Pine Orangebanana,3,/img/iconos/iconoproducto.png
502,Appetiser - Bought,8,/img/iconos/iconoproducto.png
503,Beer - Blue Light,2,/img/iconos/iconoproducto.png
504,Corn Syrup,2,/img/iconos/iconoproducto.png
505,Orange Roughy 4/6 Oz,1,/img/iconos/iconoproducto.png
506,Pears - Bosc,4,/img/iconos/iconoproducto.png
507,Sauce - Vodka Blush,4,/img/iconos/iconoproducto.png
508,Sprouts Dikon,3,/img/iconos/iconoproducto.png
509,Potatoes - Idaho 100 Count,5,/img/iconos/iconoproducto.png
510,Bar Nature Valley,7,/img/iconos/iconoproducto.png
511,"Potatoes - Purple, Organic",4,/img/iconos/iconoproducto.png
512,Table Cloth 90x90 White,1,/img/iconos/iconoproducto.png
513,Salt - Celery,2,/img/iconos/iconoproducto.png
514,Truffle Shells - White Chocolate,7,/img/iconos/iconoproducto.png
515,Stainless Steel Cleaner Vision,4,/img/iconos/iconoproducto.png
516,Sprouts - Corn,2,/img/iconos/iconoproducto.png
517,"Veal - Round, Eye Of",6,/img/iconos/iconoproducto.png
518,Butter - Unsalted,7,/img/iconos/iconoproducto.png
519,Cheese - Brick With Onion,8,/img/iconos/iconoproducto.png
520,Wine - Cava Aria Estate Brut,6,/img/iconos/iconoproducto.png
521,Coffee - Almond Amaretto,5,/img/iconos/iconoproducto.png
522,"Pasta - Bauletti, Chicken White",8,/img/iconos/iconoproducto.png
523,Kippers - Smoked,7,/img/iconos/iconoproducto.png
524,Paper - Brown Paper Mini Cups,3,/img/iconos/iconoproducto.png
525,Bread - Petit Baguette,6,/img/iconos/iconoproducto.png
526,Longos - Chicken Cordon Bleu,2,/img/iconos/iconoproducto.png
527,"Stock - Beef, Brown",8,/img/iconos/iconoproducto.png
528,Soupcontfoam16oz 116con,2,/img/iconos/iconoproducto.png
529,Coconut - Whole,3,/img/iconos/iconoproducto.png
530,Coconut - Whole,6,/img/iconos/iconoproducto.png
531,"Pepper - Black, Crushed",4,/img/iconos/iconoproducto.png
532,Soup - Campbells Chicken,8,/img/iconos/iconoproducto.png
533,"Basil - Primerba, Paste",2,/img/iconos/iconoproducto.png
534,Iced Tea Concentrate,8,/img/iconos/iconoproducto.png
535,Muffin - Mix - Bran And Maple 15l,3,/img/iconos/iconoproducto.png
536,Cheese - Parmigiano Reggiano,2,/img/iconos/iconoproducto.png
537,Wine - Zinfandel California 2002,7,/img/iconos/iconoproducto.png
538,Cheese - Cheddar With Claret,2,/img/iconos/iconoproducto.png
539,Chevril,7,/img/iconos/iconoproducto.png
540,Ice Cream Bar - Hageen Daz To,8,/img/iconos/iconoproducto.png
541,"Veal - Insides, Grains",2,/img/iconos/iconoproducto.png
542,Lobster - Canned Premium,4,/img/iconos/iconoproducto.png
543,Juice - Lime,5,/img/iconos/iconoproducto.png
544,Tea - Herbal I Love Lemon,8,/img/iconos/iconoproducto.png
545,Cookie Double Choco,6,/img/iconos/iconoproducto.png
546,Banana - Green,8,/img/iconos/iconoproducto.png
547,Cheese - Camembert,1,/img/iconos/iconoproducto.png
548,Rabbit - Legs,1,/img/iconos/iconoproducto.png
549,Tomatoes - Cherry,2,/img/iconos/iconoproducto.png
550,Cassis,6,/img/iconos/iconoproducto.png
551,Sauce - Hollandaise,1,/img/iconos/iconoproducto.png
552,Lotus Root,8,/img/iconos/iconoproducto.png
553,Syrup - Chocolate,2,/img/iconos/iconoproducto.png
554,"Cheese - Cheddar, Old White",4,/img/iconos/iconoproducto.png
555,Vaccum Bag 10x13,3,/img/iconos/iconoproducto.png
556,Fork - Plastic,6,/img/iconos/iconoproducto.png
557,"Beets - Candy Cane, Organic",1,/img/iconos/iconoproducto.png
558,"Veal - Inside Round / Top, Lean",7,/img/iconos/iconoproducto.png
559,Hummus - Spread,5,/img/iconos/iconoproducto.png
560,Jameson Irish Whiskey,6,/img/iconos/iconoproducto.png
561,Banana Turning,8,/img/iconos/iconoproducto.png
562,Aspic - Light,3,/img/iconos/iconoproducto.png
563,Nantuket Peach Orange,7,/img/iconos/iconoproducto.png
564,Yogurt - French Vanilla,6,/img/iconos/iconoproducto.png
565,"Lamb - Racks, Frenched",7,/img/iconos/iconoproducto.png
566,Pasta - Angel Hair,4,/img/iconos/iconoproducto.png
567,"Mushroom - Enoki, Fresh",6,/img/iconos/iconoproducto.png
568,Contreau,3,/img/iconos/iconoproducto.png
569,Glucose,7,/img/iconos/iconoproducto.png
570,Aspic - Amber,5,/img/iconos/iconoproducto.png
571,Thyme - Fresh,5,/img/iconos/iconoproducto.png
572,Gingerale - Diet - Schweppes,2,/img/iconos/iconoproducto.png
573,Cardamon Seed / Pod,4,/img/iconos/iconoproducto.png
574,Wine - Cotes Du Rhone,8,/img/iconos/iconoproducto.png
575,Island Oasis - Mango Daiquiri,1,/img/iconos/iconoproducto.png
576,Langers - Cranberry Cocktail,1,/img/iconos/iconoproducto.png
577,Praline Paste,2,/img/iconos/iconoproducto.png
578,"Oil - Shortening,liqud, Fry",1,/img/iconos/iconoproducto.png
579,Tea - Jasmin Green,5,/img/iconos/iconoproducto.png
580,Coffee - French Vanilla Frothy,6,/img/iconos/iconoproducto.png
581,"Pepper - White, Whole",8,/img/iconos/iconoproducto.png
582,Spic And Span All Purpose,7,/img/iconos/iconoproducto.png
583,Lobak,3,/img/iconos/iconoproducto.png
584,Watercress,8,/img/iconos/iconoproducto.png
585,Salt And Pepper Mix - Black,1,/img/iconos/iconoproducto.png
586,Garlic Powder,6,/img/iconos/iconoproducto.png
587,"Wine - Magnotta, Merlot Sr Vqa",2,/img/iconos/iconoproducto.png
588,Olives - Stuffed,7,/img/iconos/iconoproducto.png
589,Muffin Hinge 117n,1,/img/iconos/iconoproducto.png
590,Snapple Raspberry Tea,4,/img/iconos/iconoproducto.png
591,Veal - Liver,3,/img/iconos/iconoproducto.png
592,Rabbit - Whole,4,/img/iconos/iconoproducto.png
593,Dried Peach,1,/img/iconos/iconoproducto.png
594,True - Vue Containers,3,/img/iconos/iconoproducto.png
595,Nantucket - Carrot Orange,1,/img/iconos/iconoproducto.png
596,"Tomatoes - Plum, Canned",6,/img/iconos/iconoproducto.png
597,Ocean Spray - Kiwi Strawberry,3,/img/iconos/iconoproducto.png
598,Pork - Kidney,7,/img/iconos/iconoproducto.png
599,"Sugar - Brown, Individual",7,/img/iconos/iconoproducto.png
600,"Pasta - Fettuccine, Egg, Fresh",7,/img/iconos/iconoproducto.png
601,Cloves - Whole,7,/img/iconos/iconoproducto.png
602,Cheese - Swiss Sliced,7,/img/iconos/iconoproducto.png
603,Wine - Carmenere Casillero Del,3,/img/iconos/iconoproducto.png
604,Wine - Barolo Fontanafredda,7,/img/iconos/iconoproducto.png
605,Gloves - Goldtouch Disposable,1,/img/iconos/iconoproducto.png
606,Flour - So Mix Cake White,1,/img/iconos/iconoproducto.png
607,Coffee - Almond Amaretto,8,/img/iconos/iconoproducto.png
608,Bread - Pumpernickel,1,/img/iconos/iconoproducto.png
609,Wine - Sogrape Mateus Rose,4,/img/iconos/iconoproducto.png
610,"Syrup - Monin, Irish Cream",6,/img/iconos/iconoproducto.png
611,Puree - Passion Fruit,4,/img/iconos/iconoproducto.png
612,"Artichokes - Knobless, White",2,/img/iconos/iconoproducto.png
613,Wine - Pinot Grigio Collavini,4,/img/iconos/iconoproducto.png
614,Beer - Fruli,5,/img/iconos/iconoproducto.png
615,Wine - Maipo Valle Cabernet,8,/img/iconos/iconoproducto.png
616,"Beef - Chuck, Boneless",6,/img/iconos/iconoproducto.png
617,Pail With Metal Handle 16l White,4,/img/iconos/iconoproducto.png
618,Assorted Desserts,4,/img/iconos/iconoproducto.png
619,Wine - Taylors Reserve,1,/img/iconos/iconoproducto.png
620,Wine - Semi Dry Riesling Vineland,8,/img/iconos/iconoproducto.png
621,Dip - Tapenade,2,/img/iconos/iconoproducto.png
622,Wine - Niagara Peninsula Vqa,2,/img/iconos/iconoproducto.png
623,"Pasta - Penne Primavera, Single",6,/img/iconos/iconoproducto.png
624,Salmon - Fillets,4,/img/iconos/iconoproducto.png
625,Salad Dressing,2,/img/iconos/iconoproducto.png
626,Ice Cream Bar - Oreo Cone,6,/img/iconos/iconoproducto.png
627,Foil - 4oz Custard Cup,6,/img/iconos/iconoproducto.png
628,"Chilli Paste, Ginger Garlic",4,/img/iconos/iconoproducto.png
629,Snapple Raspberry Tea,7,/img/iconos/iconoproducto.png
630,"Pepsi, 355 Ml",1,/img/iconos/iconoproducto.png
631,Truffle Paste,8,/img/iconos/iconoproducto.png
632,Lotus Rootlets - Canned,8,/img/iconos/iconoproducto.png
633,"Juice - Apple, 500 Ml",2,/img/iconos/iconoproducto.png
634,"Lamb - Whole, Frozen",8,/img/iconos/iconoproducto.png
635,Cookies - Englishbay Chochip,7,/img/iconos/iconoproducto.png
636,"Soda Water - Club Soda, 355 Ml",2,/img/iconos/iconoproducto.png
637,Horseradish Root,2,/img/iconos/iconoproducto.png
638,Beer - Heinekin,1,/img/iconos/iconoproducto.png
639,Tea - Earl Grey,5,/img/iconos/iconoproducto.png
640,Grapes - Green,2,/img/iconos/iconoproducto.png
641,Steampan - Half Size Shallow,8,/img/iconos/iconoproducto.png
642,Liners - Baking Cups,7,/img/iconos/iconoproducto.png
643,Blueberries - Frozen,6,/img/iconos/iconoproducto.png
644,Anchovy Paste - 56 G Tube,1,/img/iconos/iconoproducto.png
645,Chicken - Tenderloin,2,/img/iconos/iconoproducto.png
646,Sauce - Alfredo,4,/img/iconos/iconoproducto.png
647,Wine - Trimbach Pinot Blanc,5,/img/iconos/iconoproducto.png
648,Artichoke - Fresh,2,/img/iconos/iconoproducto.png
649,"Crab - Dungeness, Whole, live",5,/img/iconos/iconoproducto.png
650,Ice Cream Bar - Oreo Cone,4,/img/iconos/iconoproducto.png
651,"Beans - Black Bean, Canned",1,/img/iconos/iconoproducto.png
652,"Lamb - Whole Head Off,nz",7,/img/iconos/iconoproducto.png
653,Mountain Dew,6,/img/iconos/iconoproducto.png
654,Bread - Malt,7,/img/iconos/iconoproducto.png
655,Pastry - Cheese Baked Scones,1,/img/iconos/iconoproducto.png
656,Beets - Golden,7,/img/iconos/iconoproducto.png
657,Star Fruit,8,/img/iconos/iconoproducto.png
658,Frangelico,4,/img/iconos/iconoproducto.png
659,Snapple Raspberry Tea,6,/img/iconos/iconoproducto.png
660,Mcgillicuddy Vanilla Schnap,1,/img/iconos/iconoproducto.png
661,Wine La Vielle Ferme Cote Du,4,/img/iconos/iconoproducto.png
662,Lettuce - Boston Bib,4,/img/iconos/iconoproducto.png
663,Langers - Mango Nectar,2,/img/iconos/iconoproducto.png
664,Muffin Hinge Container 6,7,/img/iconos/iconoproducto.png
665,Olive - Spread Tapenade,4,/img/iconos/iconoproducto.png
666,Gelatine Leaves - Bulk,7,/img/iconos/iconoproducto.png
667,Flour - All Purpose,6,/img/iconos/iconoproducto.png
668,"Beans - Black Bean, Canned",4,/img/iconos/iconoproducto.png
669,Grenadillo,7,/img/iconos/iconoproducto.png
670,Vinegar - Red Wine,1,/img/iconos/iconoproducto.png
671,"Mushroom - Enoki, Fresh",4,/img/iconos/iconoproducto.png
672,Frangelico,7,/img/iconos/iconoproducto.png
673,Wine - Puligny Montrachet A.,7,/img/iconos/iconoproducto.png
674,Nantuket Peach Orange,1,/img/iconos/iconoproducto.png
675,Mince Meat - Filling,6,/img/iconos/iconoproducto.png
676,Milk - 2% 250 Ml,4,/img/iconos/iconoproducto.png
677,Potatoes - Peeled,1,/img/iconos/iconoproducto.png
678,Oranges,7,/img/iconos/iconoproducto.png
679,Aspic - Clear,1,/img/iconos/iconoproducto.png
680,"Veal - Brisket, Provimi, Bone - In",2,/img/iconos/iconoproducto.png
681,Shrimp - Tiger 21/25,6,/img/iconos/iconoproducto.png
682,Banana,6,/img/iconos/iconoproducto.png
683,Monkfish Fresh - Skin Off,7,/img/iconos/iconoproducto.png
684,Oysters - Smoked,4,/img/iconos/iconoproducto.png
685,"Wine - White, Pinot Grigio",8,/img/iconos/iconoproducto.png
686,Steampan Lid,7,/img/iconos/iconoproducto.png
687,"Artichoke - Hearts, Canned",2,/img/iconos/iconoproducto.png
688,Muffin Mix - Blueberry,1,/img/iconos/iconoproducto.png
689,Icecream - Dstk Cml And Fdg,6,/img/iconos/iconoproducto.png
690,Cheese - Asiago,6,/img/iconos/iconoproducto.png
691,"Peas - Pigeon, Dry",1,/img/iconos/iconoproducto.png
692,"Nut - Chestnuts, Whole",8,/img/iconos/iconoproducto.png
693,Red Pepper Paste,4,/img/iconos/iconoproducto.png
694,Lambcasing,5,/img/iconos/iconoproducto.png
695,Bread - Raisin Walnut Oval,5,/img/iconos/iconoproducto.png
696,"Salmon - Atlantic, Fresh, Whole",4,/img/iconos/iconoproducto.png
697,Cake - French Pear Tart,3,/img/iconos/iconoproducto.png
698,Magnotta Bel Paese Red,4,/img/iconos/iconoproducto.png
699,Wine - Ice Wine,1,/img/iconos/iconoproducto.png
700,Longos - Grilled Veg Sandwiches,4,/img/iconos/iconoproducto.png
701,Frangelico,1,/img/iconos/iconoproducto.png
702,Bread - Focaccia Quarter,8,/img/iconos/iconoproducto.png
703,Tomato - Tricolor Cherry,7,/img/iconos/iconoproducto.png
704,Oil - Safflower,8,/img/iconos/iconoproducto.png
705,Bread - Italian Roll With Herbs,8,/img/iconos/iconoproducto.png
706,Island Oasis - Pina Colada,7,/img/iconos/iconoproducto.png
707,Wine - Zinfandel Rosenblum,8,/img/iconos/iconoproducto.png
708,Muffin Batt - Carrot Spice,6,/img/iconos/iconoproducto.png
709,Lamb Leg - Bone - In Nz,1,/img/iconos/iconoproducto.png
710,"Juice - Apple, 341 Ml",4,/img/iconos/iconoproducto.png
711,Tomato - Plum With Basil,3,/img/iconos/iconoproducto.png
712,Beef - Top Butt,1,/img/iconos/iconoproducto.png
713,Ocean Spray - Kiwi Strawberry,8,/img/iconos/iconoproducto.png
714,Longos - Penne With Pesto,3,/img/iconos/iconoproducto.png
715,Cheese - Shred Cheddar / Mozza,3,/img/iconos/iconoproducto.png
716,Cake - Dulce De Leche,4,/img/iconos/iconoproducto.png
717,Puree - Raspberry,3,/img/iconos/iconoproducto.png
718,"Rum - Cream, Amarula",6,/img/iconos/iconoproducto.png
719,Soap - Hand Soap,7,/img/iconos/iconoproducto.png
720,Spring Roll Veg Mini,1,/img/iconos/iconoproducto.png
721,Pastry - Cherry Danish - Mini,8,/img/iconos/iconoproducto.png
722,Lemon Balm - Fresh,7,/img/iconos/iconoproducto.png
723,"Soup - Knorr, Chicken Noodle",1,/img/iconos/iconoproducto.png
724,Lotus Root,7,/img/iconos/iconoproducto.png
725,Chicken Breast Wing On,5,/img/iconos/iconoproducto.png
726,Raisin - Dark,3,/img/iconos/iconoproducto.png
727,"Bread - Rolls, Corn",8,/img/iconos/iconoproducto.png
728,Bread - Raisin,3,/img/iconos/iconoproducto.png
729,Tomatoes Tear Drop Yellow,5,/img/iconos/iconoproducto.png
730,Truffle - Whole Black Peeled,5,/img/iconos/iconoproducto.png
731,Eggwhite Frozen,2,/img/iconos/iconoproducto.png
732,"Pasta - Shells, Medium, Dry",4,/img/iconos/iconoproducto.png
733,Beer - Original Organic Lager,4,/img/iconos/iconoproducto.png
734,Bowl 12 Oz - Showcase 92012,4,/img/iconos/iconoproducto.png
735,Sprite - 355 Ml,7,/img/iconos/iconoproducto.png
736,Wine - Vidal Icewine Magnotta,2,/img/iconos/iconoproducto.png
737,Mountain Dew,8,/img/iconos/iconoproducto.png
738,"Bread - Bagels, Mini",3,/img/iconos/iconoproducto.png
739,Mix - Cocktail Strawberry Daiquiri,3,/img/iconos/iconoproducto.png
740,Potatoes - Idaho 100 Count,3,/img/iconos/iconoproducto.png
741,Bagel - Whole White Sesame,5,/img/iconos/iconoproducto.png
742,Beer - Muskoka Cream Ale,8,/img/iconos/iconoproducto.png
743,Water - Perrier,5,/img/iconos/iconoproducto.png
744,Spic And Span All Purpose,1,/img/iconos/iconoproducto.png
745,Bread - Rosemary Focaccia,5,/img/iconos/iconoproducto.png
746,Wine - Ej Gallo Sonoma,8,/img/iconos/iconoproducto.png
747,Lettuce - California Mix,5,/img/iconos/iconoproducto.png
748,Pork - Inside,2,/img/iconos/iconoproducto.png
749,Cheese - Brie,3,/img/iconos/iconoproducto.png
750,Table Cloth 62x114 Colour,3,/img/iconos/iconoproducto.png
751,Wine - Chianti Classico Riserva,8,/img/iconos/iconoproducto.png
752,English Muffin,4,/img/iconos/iconoproducto.png
753,Puree - Blackcurrant,8,/img/iconos/iconoproducto.png
754,Wine - Cotes Du Rhone Parallele,5,/img/iconos/iconoproducto.png
755,Extract - Raspberry,2,/img/iconos/iconoproducto.png
756,Salmon - Sockeye Raw,8,/img/iconos/iconoproducto.png
757,Tarragon - Fresh,1,/img/iconos/iconoproducto.png
758,Carbonated Water - White Grape,3,/img/iconos/iconoproducto.png
759,Squash - Butternut,2,/img/iconos/iconoproducto.png
760,Food Colouring - Orange,7,/img/iconos/iconoproducto.png
761,Grenadine,7,/img/iconos/iconoproducto.png
762,Sterno - Chafing Dish Fuel,6,/img/iconos/iconoproducto.png
763,Pate - Peppercorn,7,/img/iconos/iconoproducto.png
764,Broom Handle,1,/img/iconos/iconoproducto.png
765,Squid - Tubes / Tenticles 10/20,6,/img/iconos/iconoproducto.png
766,Sterno - Chafing Dish Fuel,4,/img/iconos/iconoproducto.png
767,Alize Sunset,6,/img/iconos/iconoproducto.png
768,Anchovy Paste - 56 G Tube,3,/img/iconos/iconoproducto.png
769,Bols Melon Liqueur,2,/img/iconos/iconoproducto.png
770,Milk - 2% 250 Ml,2,/img/iconos/iconoproducto.png
771,Lambcasing,2,/img/iconos/iconoproducto.png
772,"Yogurt - Peach, 175 Gr",7,/img/iconos/iconoproducto.png
773,Syrup - Chocolate,7,/img/iconos/iconoproducto.png
774,Bread Base - Italian,6,/img/iconos/iconoproducto.png
775,Table Cloth 62x114 White,6,/img/iconos/iconoproducto.png
776,Parsley - Fresh,3,/img/iconos/iconoproducto.png
777,Tea - Lemon Scented,3,/img/iconos/iconoproducto.png
778,"Cheese - Manchego, Spanish",8,/img/iconos/iconoproducto.png
779,Persimmons,8,/img/iconos/iconoproducto.png
780,Puff Pastry - Slab,8,/img/iconos/iconoproducto.png
781,Sterno - Chafing Dish Fuel,2,/img/iconos/iconoproducto.png
782,Carbonated Water - Orange,7,/img/iconos/iconoproducto.png
783,Soup - Campbells Broccoli,3,/img/iconos/iconoproducto.png
784,Oyster - In Shell,4,/img/iconos/iconoproducto.png
785,Tart - Raisin And Pecan,7,/img/iconos/iconoproducto.png
786,"Spoon - Soup, Plastic",3,/img/iconos/iconoproducto.png
787,French Pastry - Mini Chocolate,8,/img/iconos/iconoproducto.png
788,Swiss Chard - Red,7,/img/iconos/iconoproducto.png
789,Salt - Seasoned,4,/img/iconos/iconoproducto.png
790,Soup - Campbells - Chicken Noodle,5,/img/iconos/iconoproducto.png
791,Chips - Doritos,8,/img/iconos/iconoproducto.png
792,"Chestnuts - Whole,canned",3,/img/iconos/iconoproducto.png
793,Squash - Pepper,8,/img/iconos/iconoproducto.png
794,Banana Turning,8,/img/iconos/iconoproducto.png
795,"Basil - Primerba, Paste",3,/img/iconos/iconoproducto.png
796,Eggplant Oriental,1,/img/iconos/iconoproducto.png
797,"Chocolate - Pistoles, White",8,/img/iconos/iconoproducto.png
798,"Sauce - Bernaise, Mix",3,/img/iconos/iconoproducto.png
799,Chocolate - Chips Compound,5,/img/iconos/iconoproducto.png
800,Bandage - Finger Cots,3,/img/iconos/iconoproducto.png
801,Puree - Passion Fruit,8,/img/iconos/iconoproducto.png
802,Wine - Fume Blanc Fetzer,5,/img/iconos/iconoproducto.png
803,Cranberries - Dry,5,/img/iconos/iconoproducto.png
804,Wine - Black Tower Qr,6,/img/iconos/iconoproducto.png
805,Sausage - Andouille,5,/img/iconos/iconoproducto.png
806,"Beef - Cooked, Corned",1,/img/iconos/iconoproducto.png
807,Skewers - Bamboo,1,/img/iconos/iconoproducto.png
808,Wine - Fontanafredda Barolo,8,/img/iconos/iconoproducto.png
809,Scallops - 20/30,6,/img/iconos/iconoproducto.png
810,Ecolab - Mikroklene 4/4 L,1,/img/iconos/iconoproducto.png
811,Pea - Snow,7,/img/iconos/iconoproducto.png
812,"Lamb - Leg, Boneless",2,/img/iconos/iconoproducto.png
813,Coffee - Espresso,8,/img/iconos/iconoproducto.png
814,Bread - White Mini Epi,7,/img/iconos/iconoproducto.png
815,Skewers - Bamboo,7,/img/iconos/iconoproducto.png
816,Teriyaki Sauce,1,/img/iconos/iconoproducto.png
817,"Shrimp - 21/25, Peel And Deviened",2,/img/iconos/iconoproducto.png
818,Trueblue - Blueberry Cranberry,4,/img/iconos/iconoproducto.png
819,Cheese - Parmesan Cubes,8,/img/iconos/iconoproducto.png
820,Dikon,2,/img/iconos/iconoproducto.png
821,Bread Base - Toscano,7,/img/iconos/iconoproducto.png
822,Rabbit - Saddles,2,/img/iconos/iconoproducto.png
823,Sprouts - Alfalfa,4,/img/iconos/iconoproducto.png
824,Bread - Olive Dinner Roll,3,/img/iconos/iconoproducto.png
825,"Lid - High Heat, Super Clear",5,/img/iconos/iconoproducto.png
826,"Shrimp - 16 - 20 Cooked, Peeled",7,/img/iconos/iconoproducto.png
827,Flour - Masa De Harina Mexican,4,/img/iconos/iconoproducto.png
828,Broom - Angled,2,/img/iconos/iconoproducto.png
829,Tomato - Green,1,/img/iconos/iconoproducto.png
830,Pie Shells 10,8,/img/iconos/iconoproducto.png
831,Cheese - Wine,5,/img/iconos/iconoproducto.png
832,Lychee - Canned,3,/img/iconos/iconoproducto.png
833,Plate Pie Foil,6,/img/iconos/iconoproducto.png
834,Bagel - 12 Grain Preslice,3,/img/iconos/iconoproducto.png
835,Shark - Loin,8,/img/iconos/iconoproducto.png
836,Beef Tenderloin Aaa,2,/img/iconos/iconoproducto.png
837,Sobe - Orange Carrot,8,/img/iconos/iconoproducto.png
838,Longos - Greek Salad,3,/img/iconos/iconoproducto.png
839,Cheese - Bakers Cream Cheese,4,/img/iconos/iconoproducto.png
840,Tomatoes - Cherry,3,/img/iconos/iconoproducto.png
841,Bread - Crusty Italian Poly,5,/img/iconos/iconoproducto.png
842,Cookies Cereal Nut,2,/img/iconos/iconoproducto.png
843,"Radish - Black, Winter, Organic",1,/img/iconos/iconoproducto.png
844,Guava,7,/img/iconos/iconoproducto.png
845,Lamb Shoulder Boneless Nz,5,/img/iconos/iconoproducto.png
846,"Lemonade - Natural, 591 Ml",2,/img/iconos/iconoproducto.png
847,Pork - Side Ribs,2,/img/iconos/iconoproducto.png
848,"Shrimp - Baby, Cold Water",8,/img/iconos/iconoproducto.png
849,Sauce - Vodka Blush,5,/img/iconos/iconoproducto.png
850,Wine - Zinfandel California 2002,2,/img/iconos/iconoproducto.png
851,Pastry - Banana Muffin - Mini,5,/img/iconos/iconoproducto.png
852,Squid Ink,4,/img/iconos/iconoproducto.png
853,Uniform Linen Charge,7,/img/iconos/iconoproducto.png
854,Rice - 7 Grain Blend,5,/img/iconos/iconoproducto.png
855,Wine - Riesling Dr. Pauly,2,/img/iconos/iconoproducto.png
856,Muffin Mix - Oatmeal,3,/img/iconos/iconoproducto.png
857,Longan,8,/img/iconos/iconoproducto.png
858,Wine - Winzer Krems Gruner,8,/img/iconos/iconoproducto.png
859,Cheese Cloth,8,/img/iconos/iconoproducto.png
860,Cranberry Foccacia,6,/img/iconos/iconoproducto.png
861,Rosemary - Fresh,5,/img/iconos/iconoproducto.png
862,Cilantro / Coriander - Fresh,5,/img/iconos/iconoproducto.png
863,Cocoa Powder - Dutched,7,/img/iconos/iconoproducto.png
864,Foam Espresso Cup Plain White,1,/img/iconos/iconoproducto.png
865,Cheese - Cottage Cheese,8,/img/iconos/iconoproducto.png
866,Soup - Campbells Broccoli,7,/img/iconos/iconoproducto.png
867,Pineapple - Regular,4,/img/iconos/iconoproducto.png
868,Sauce - Rosee,7,/img/iconos/iconoproducto.png
869,Cardamon Seed / Pod,5,/img/iconos/iconoproducto.png
870,Lumpfish Black,2,/img/iconos/iconoproducto.png
871,"Coconut - Shredded, Sweet",7,/img/iconos/iconoproducto.png
872,Shortbread - Cookie Crumbs,5,/img/iconos/iconoproducto.png
873,Tea - Apple Green Tea,6,/img/iconos/iconoproducto.png
874,Glucose,8,/img/iconos/iconoproducto.png
875,Appetizer - Escargot Puff,7,/img/iconos/iconoproducto.png
876,Oil - Hazelnut,7,/img/iconos/iconoproducto.png
877,Syrup - Pancake,6,/img/iconos/iconoproducto.png
878,Tea - Honey Green Tea,7,/img/iconos/iconoproducto.png
879,Butter - Unsalted,7,/img/iconos/iconoproducto.png
880,Soup - Base Broth Beef,3,/img/iconos/iconoproducto.png
881,Beef - Striploin,6,/img/iconos/iconoproducto.png
882,"Yogurt - Banana, 175 Gr",2,/img/iconos/iconoproducto.png
883,Bay Leaf,2,/img/iconos/iconoproducto.png
884,Wheat - Soft Kernal Of Wheat,2,/img/iconos/iconoproducto.png
885,Soup Knorr Chili With Beans,5,/img/iconos/iconoproducto.png
886,Wine - Black Tower Qr,6,/img/iconos/iconoproducto.png
887,Flour - Strong,4,/img/iconos/iconoproducto.png
888,Water - Spring Water 500ml,1,/img/iconos/iconoproducto.png
889,Bagel - Plain,1,/img/iconos/iconoproducto.png
890,Rappini - Andy Boy,3,/img/iconos/iconoproducto.png
891,"Bread - White, Sliced",4,/img/iconos/iconoproducto.png
892,Flavouring - Raspberry,6,/img/iconos/iconoproducto.png
893,Sea Urchin,3,/img/iconos/iconoproducto.png
894,Wine - Tribal Sauvignon,3,/img/iconos/iconoproducto.png
895,"Brownies - Two Bite, Chocolate",3,/img/iconos/iconoproducto.png
896,Wine - Black Tower Qr,8,/img/iconos/iconoproducto.png
897,Squash - Sunburst,5,/img/iconos/iconoproducto.png
898,Tea - Orange Pekoe,8,/img/iconos/iconoproducto.png
899,Wine - Ruffino Chianti Classico,4,/img/iconos/iconoproducto.png
900,Ginger - Fresh,4,/img/iconos/iconoproducto.png
901,Kohlrabi,3,/img/iconos/iconoproducto.png
902,Bread Ww Cluster,5,/img/iconos/iconoproducto.png
903,Butter Balls Salted,7,/img/iconos/iconoproducto.png
904,Bread Cranberry Foccacia,2,/img/iconos/iconoproducto.png
905,Syrup - Chocolate,1,/img/iconos/iconoproducto.png
906,"Nut - Pistachio, Shelled",1,/img/iconos/iconoproducto.png
907,Puree - Mocha,7,/img/iconos/iconoproducto.png
908,"Appetizer - Mini Egg Roll, Shrimp",6,/img/iconos/iconoproducto.png
909,Mushroom - Morel Frozen,2,/img/iconos/iconoproducto.png
910,Gloves - Goldtouch Disposable,2,/img/iconos/iconoproducto.png
911,Catfish - Fillets,3,/img/iconos/iconoproducto.png
912,Browning Caramel Glace,7,/img/iconos/iconoproducto.png
913,Chocolate - Milk Coating,3,/img/iconos/iconoproducto.png
914,Tomatoes - Hot House,8,/img/iconos/iconoproducto.png
915,"Pasta - Lasagna, Dry",3,/img/iconos/iconoproducto.png
916,Wine - Periguita Fonseca,5,/img/iconos/iconoproducto.png
917,Flour - Pastry,1,/img/iconos/iconoproducto.png
918,Butter Sweet,6,/img/iconos/iconoproducto.png
919,Flower - Leather Leaf Fern,4,/img/iconos/iconoproducto.png
920,Pepper - Scotch Bonnet,4,/img/iconos/iconoproducto.png
921,Vol Au Vents,7,/img/iconos/iconoproducto.png
922,"Bread - Crumbs, Bulk",4,/img/iconos/iconoproducto.png
923,Sugar - Cubes,1,/img/iconos/iconoproducto.png
924,Nantucket - Pomegranate Pear,4,/img/iconos/iconoproducto.png
925,"Juice - Apple, 500 Ml",4,/img/iconos/iconoproducto.png
926,Water - Spring 1.5lit,7,/img/iconos/iconoproducto.png
927,"Crab - Blue, Frozen",7,/img/iconos/iconoproducto.png
928,Beer - Sleemans Honey Brown,2,/img/iconos/iconoproducto.png
929,Pork Salted Bellies,3,/img/iconos/iconoproducto.png
930,Cheese - Mascarpone,6,/img/iconos/iconoproducto.png
931,Cup - 8oz Coffee Perforated,8,/img/iconos/iconoproducto.png
932,Ecolab - Hobart Washarm End Cap,7,/img/iconos/iconoproducto.png
933,Vector Energy Bar,7,/img/iconos/iconoproducto.png
934,Lamb Shoulder Boneless Nz,7,/img/iconos/iconoproducto.png
935,Guava,3,/img/iconos/iconoproducto.png
936,Ecolab - Mikroklene 4/4 L,7,/img/iconos/iconoproducto.png
937,Shrimp - 100 / 200 Cold Water,7,/img/iconos/iconoproducto.png
938,Wine - Maipo Valle Cabernet,4,/img/iconos/iconoproducto.png
939,Foie Gras,2,/img/iconos/iconoproducto.png
940,Beer - Molson Excel,4,/img/iconos/iconoproducto.png
941,Garbage Bags - Black,5,/img/iconos/iconoproducto.png
942,"Pasta - Orzo, Dry",8,/img/iconos/iconoproducto.png
943,Bread Base - Goodhearth,1,/img/iconos/iconoproducto.png
944,Wine - Shiraz South Eastern,1,/img/iconos/iconoproducto.png
945,Laundry - Bag Cloth,7,/img/iconos/iconoproducto.png
946,Island Oasis - Ice Cream Mix,1,/img/iconos/iconoproducto.png
947,Wine - Pinot Noir Mondavi Coastal,7,/img/iconos/iconoproducto.png
948,Calvados - Boulard,6,/img/iconos/iconoproducto.png
949,Bread - Mini Hamburger Bun,3,/img/iconos/iconoproducto.png
950,Milk 2% 500 Ml,8,/img/iconos/iconoproducto.png
951,Bread Sour Rolls,8,/img/iconos/iconoproducto.png
952,Truffle Shells - White Chocolate,8,/img/iconos/iconoproducto.png
953,Puree - Pear,7,/img/iconos/iconoproducto.png
954,Wine - Cousino Macul Antiguas,3,/img/iconos/iconoproducto.png
955,"Salmon - Smoked, Sliced",4,/img/iconos/iconoproducto.png
956,Roe - Flying Fish,2,/img/iconos/iconoproducto.png
957,"Crush - Orange, 355ml",2,/img/iconos/iconoproducto.png
958,Soup Campbells Turkey Veg.,4,/img/iconos/iconoproducto.png
959,Ice Cream Bar - Oreo Sandwich,7,/img/iconos/iconoproducto.png
960,"Pork - Butt, Boneless",2,/img/iconos/iconoproducto.png
961,Beer - Heinekin,8,/img/iconos/iconoproducto.png
962,Creme De Menthe Green,6,/img/iconos/iconoproducto.png
963,"Wine - Magnotta, White",1,/img/iconos/iconoproducto.png
964,Scallops - U - 10,5,/img/iconos/iconoproducto.png
965,Chocolate - Milk Coating,6,/img/iconos/iconoproducto.png
966,Allspice - Jamaican,3,/img/iconos/iconoproducto.png
967,Raisin - Golden,2,/img/iconos/iconoproducto.png
968,Green Tea Refresher,4,/img/iconos/iconoproducto.png
969,Ham - Proscuitto,6,/img/iconos/iconoproducto.png
970,Longos - Chicken Caeser Salad,7,/img/iconos/iconoproducto.png
971,Kiwano,3,/img/iconos/iconoproducto.png
972,Loquat,2,/img/iconos/iconoproducto.png
973,Beer - Original Organic Lager,7,/img/iconos/iconoproducto.png
974,Food Colouring - Orange,3,/img/iconos/iconoproducto.png
975,Squid - Breaded,4,/img/iconos/iconoproducto.png
976,Butcher Twine 4r,6,/img/iconos/iconoproducto.png
977,Mushroom - Chanterelle Frozen,5,/img/iconos/iconoproducto.png
978,Lamb - Shoulder,4,/img/iconos/iconoproducto.png
979,Wine - Jackson Triggs Okonagan,7,/img/iconos/iconoproducto.png
980,Pepper - Gypsy Pepper,3,/img/iconos/iconoproducto.png
981,"Gingerale - Schweppes, 355 Ml",7,/img/iconos/iconoproducto.png
982,Extract - Almond,2,/img/iconos/iconoproducto.png
983,Shortbread - Cookie Crumbs,6,/img/iconos/iconoproducto.png
984,"Wine - Red, Marechal Foch",3,/img/iconos/iconoproducto.png
985,Cookies - Assorted,1,/img/iconos/iconoproducto.png
986,Taro Root,5,/img/iconos/iconoproducto.png
987,Muffin Mix - Blueberry,2,/img/iconos/iconoproducto.png
988,Sole - Iqf,3,/img/iconos/iconoproducto.png
989,"Yogurt - Cherry, 175 Gr",7,/img/iconos/iconoproducto.png
990,Bacon Strip Precooked,6,/img/iconos/iconoproducto.png
991,Canada Dry,3,/img/iconos/iconoproducto.png
992,Salmon Steak - Cohoe 8 Oz,7,/img/iconos/iconoproducto.png
993,Wine - Delicato Merlot,4,/img/iconos/iconoproducto.png
994,"Tart Shells - Sweet, 2",7,/img/iconos/iconoproducto.png
995,"Wine - Red, Gallo, Merlot",8,/img/iconos/iconoproducto.png
996,Beef - Short Loin,5,/img/iconos/iconoproducto.png
997,"Wine - White, Antinore Orvieto",2,/img/iconos/iconoproducto.png
998,Eggs - Extra Large,8,/img/iconos/iconoproducto.png
999,"Coconut - Shredded, Sweet",1,/img/iconos/iconoproducto.png
1000,Asparagus - Frozen,6,/img/iconos/iconoproducto.png
